id,year,actual_mpg,predicted_mpg
46444,2024,18,17.951791676446472
46445,2024,18,17.951791676446472
46446,2024,19,17.89182372704122
46447,2024,19,17.89182372704122
46448,2024,18,17.951791676446472
46449,2024,18,17.951791676446472
46450,2024,30,30.408920835356586
46451,2024,23,23.266985125294347
46452,2024,22,23.266985125294347
46453,2024,20,23.266985125294347
46454,2024,31,25.164113393479013
46455,2024,26,27.331243573402613
46456,2024,29,24.07714807280429
46461,2024,32,30.943894834783382
46462,2024,31,30.75678085777311
46463,2024,30,29.92985422211088
46464,2024,27,26.799857354317417
46465,2024,28,27.117160202396626
46466,2024,28,27.078019321495507
46467,2024,27,26.103912206831676
46468,2024,28,27.078019321495507
46469,2024,27,26.103912206831676
46470,2024,19,19.431735346897113
46471,2024,19,20.597400211018222
46472,2024,18,20.511021768017095
46473,2024,18,20.511021768017095
46474,2024,24,20.597400211018222
46475,2024,24,20.511021768017095
46476,2024,24,20.597400211018222
46477,2024,24,20.511021768017095
46478,2024,19,18.09888567426203
46479,2024,19,18.09888567426203
46480,2024,17,18.09888567426203
46481,2024,17,18.09888567426203
46482,2024,32,30.943894834783382
46483,2024,31,30.75678085777311
46484,2024,32,30.943894834783382
46485,2024,31,30.75678085777311
46486,2024,31,29.92985422211088
46487,2024,27,26.799857354317417
46488,2024,31,29.92985422211088
46489,2024,27,26.799857354317417
46490,2024,29,27.117160202396626
46491,2024,26,26.799857354317417
46492,2024,28,27.078019321495507
46493,2024,27,26.103912206831676
46494,2024,24,20.597400211018222
46495,2024,24,20.511021768017095
46496,2024,19,18.09888567426203
46497,2024,19,18.09888567426203
46498,2024,17,18.09888567426203
46499,2024,28,30.943894834783382
46500,2024,26,27.400277005129936
46501,2024,26,26.103912206831676
46502,2024,26,26.103912206831676
46503,2024,22,21.636002094523835
46504,2024,22,25.62171005215615
46505,2024,20,20.51588396549354
46528,2024,30,27.53067149375107
46529,2024,26,25.126531863960043
46530,2024,30,24.101854839746906
46531,2024,29,22.821529310100527
46532,2024,30,30.483876124706626
46533,2024,28,26.927771993085457
46534,2024,27,28.01447735119482
46535,2024,17,17.14964510858566
46536,2024,28,25.62171005215615
46538,2024,24,23.897327306826412
46539,2024,24,23.897327306826412
46540,2024,29,24.07714807280429
46541,2024,28,25.62171005215615
46542,2024,25,23.897327306826412
46543,2024,23,23.897327306826412
46567,2024,18,20.511021768017095
46570,2024,29,29.92985422211088
46571,2024,25,26.799857354317417
46572,2024,28,29.92985422211088
46573,2024,26,26.103912206831676
46574,2024,27,26.103912206831676
46575,2024,33,33.27513419003486
46576,2024,32,33.27513419003486
46577,2024,30,32.00261909147952
46578,2024,31,31.071377811759387
46579,2024,28,27.3295473622064
46580,2024,27,30.179908969823476
46581,2024,30,28.997473030896412
46582,2024,26,25.106524384058947
46583,2024,25,23.266985125294347
46584,2024,18,17.180368345700856
46585,2024,27,27.078019321495507
46586,2024,26,26.103912206831676
46587,2024,27,28.98431194138393
46588,2024,28,29.902822467808527
46589,2024,22,22.616284336689773
46590,2024,25,24.712148948664044
46591,2024,28,27.77292402108269
46592,2024,26,27.501918156834556
46593,2024,23,25.164113393479013
46594,2024,23,25.164113393479013
46595,2024,21,20.365715230818957
46596,2024,24,24.07714807280429
46597,2024,26,26.829261867847784
46598,2024,25,26.405107601491498
46601,2024,20,24.07714807280429
46602,2024,22,24.07714807280429
46603,2024,22,24.07714807280429
46604,2024,21,24.07714807280429
46605,2024,19,19.97711640787259
46612,2024,21,20.511021768017095
46613,2024,21,20.511021768017095
46631,2024,28,26.966342972190105
46632,2024,26,22.415682359522133
46633,2024,15,15.16996521397992
46634,2024,15,15.16996521397992
46635,2024,15,15.995775007614792
46636,2024,27,26.966342972190105
46637,2024,18,18.41616117009925
46638,2024,23,22.93411510167392
46640,2024,21,19.594756242949263
46641,2024,30,27.078019321495507
46642,2024,26,20.597400211018222
46643,2024,19,19.431735346897113
46644,2024,19,20.597400211018222
46645,2024,24,23.368346850106924
46646,2024,26,23.368346850106924
46647,2024,17,16.874043455369304
46648,2024,18,18.41616117009925
46649,2024,17,16.874043455369304
46651,2024,18,18.41616117009925
46653,2024,27,26.103912206831676
46654,2024,28,27.117160202396626
46655,2024,27,26.103912206831676
46656,2024,29,27.078019321495507
46657,2024,27,26.103912206831676
46658,2024,19,19.431735346897113
46659,2024,19,20.597400211018222
46660,2024,18,20.511021768017095
46664,2024,20,19.594756242949263
46665,2024,26,27.078019321495507
46666,2024,16,16.43791786472328
46667,2024,20,20.597400211018222
46668,2024,20,20.597400211018222
46670,2024,24,26.799857354317417
46671,2024,25,27.53067149375107
46672,2024,19,20.741593141114627
46673,2024,21,20.741593141114627
46675,2024,16,16.43791786472328
46676,2024,20,20.511021768017095
46677,2024,19,20.597400211018222
46678,2024,19,20.597400211018222
46679,2024,30,30.408920835356586
46680,2024,16,17.759345980272446
46683,2024,21,22.483357423135296
46684,2024,21,22.483357423135296
46685,2024,21,20.67283514220384
46686,2024,21,20.67283514220384
46687,2024,25,24.712148948664044
46688,2024,24,25.106524384058947
46689,2024,23,25.106524384058947
46690,2024,21,21.33668304115905
46691,2024,21,21.33668304115905
46692,2024,31,30.483876124706626
46693,2024,30,30.28217250479712
46695,2024,22,22.002575914825904
46696,2024,28,30.738419534169516
46697,2024,23,26.927771993085457
46698,2024,28,26.927771993085457
46699,2024,22,22.002575914825904
46700,2024,26,27.617750697101304
46702,2024,21,17.966907906326913
46703,2024,21,17.966907906326913
46704,2024,24,24.07714807280429
46705,2024,24,24.07714807280429
46706,2024,23,23.266985125294347
46707,2024,23,23.266985125294347
46708,2024,21,20.647875681746683
46709,2024,21,20.647875681746683
46710,2024,27,28.01447735119482
46711,2024,24,23.266985125294347
46712,2024,22,25.62171005215615
46713,2024,24,25.62171005215615
46714,2024,20,20.51588396549354
46715,2024,29,28.01783550118612
46717,2024,21,20.669170897658752
46718,2024,26,27.331243573402613
46719,2024,23,25.62171005215615
46720,2024,22,25.62171005215615
46723,2024,25,25.62171005215615
46724,2024,24,24.07714807280429
46726,2024,21,21.605574380133316
46727,2024,14,14.542768403652314
46728,2024,21,21.605574380133316
46729,2024,20,20.669170897658752
46730,2024,23,24.07714807280429
46732,2024,20,17.966907906326913
46735,2024,25,25.98505306929028
46736,2024,26,25.98505306929028
46737,2024,29,25.62171005215615
46740,2024,21,21.33668304115905
46743,2024,24,25.128229498868528
46744,2024,24,25.128229498868528
46745,2024,20,20.647875681746683
46746,2024,16,16.704007731003077
46747,2024,18,17.966907906326913
46748,2024,18,17.966907906326913
46749,2024,16,16.026029668044387
46750,2024,16,16.026029668044387
46755,2024,23,23.897327306826412
46756,2024,22,23.897327306826412
46759,2024,15,17.45228773063882
46760,2024,14,17.45228773063882
46761,2024,26,22.415682359522133
46762,2024,21,18.779891376112914
46763,2024,20,20.293917650600815
46764,2024,20,20.597400211018222
46765,2024,28,26.103912206831676
46766,2024,26,20.511021768017095
46767,2024,17,18.41616117009925
46770,2024,25,23.51376483937735
46771,2024,26,27.078019321495507
46772,2024,25,26.103912206831676
46773,2024,19,21.726396711647496
46774,2024,18,19.357993579405345
46775,2024,24,23.339361034189974
46776,2024,23,23.339361034189974
46777,2024,23,23.51376483937735
46778,2024,39,37.960929297969535
46779,2024,37,37.960929297969535
46780,2024,27,29.92985422211088
46781,2024,27,26.799857354317417
46782,2024,34,32.00261909147952
46783,2024,20,20.213035439729975
46784,2024,21,21.217244541916475
46785,2024,21,21.217244541916475
46786,2024,22,21.184281282521813
46787,2024,21,21.184281282521813
46788,2024,15,16.408568562700918
46789,2024,27,25.549459899646028
46790,2024,25,24.592728388802524
46791,2024,16,17.182630107650528
46792,2024,26,25.506584201787962
46793,2024,25,25.506584201787962
46794,2024,28,27.53067149375107
46796,2024,30,28.664227189133545
46797,2024,30,29.497889995195724
46798,2024,29,27.442873007281676
46799,2024,26,27.442873007281676
46802,2024,14,13.953445887445888
46803,2024,14,13.953445887445888
46804,2024,14,13.978486772486773
46805,2024,14,13.978486772486773
46806,2024,14,13.978486772486773
46807,2024,30,29.902822467808527
46808,2024,31,29.902822467808527
46809,2024,14,13.886452500114265
46810,2024,14,13.886452500114265
46812,2024,16,18.123564657162465
46813,2024,18,18.123564657162465
46814,2024,18,18.123564657162465
46817,2024,16,18.123564657162465
46818,2024,18,18.123564657162465
46819,2024,18,18.123564657162465
46825,2024,17,15.582494296501572
46826,2024,15,15.582494296501572
46827,2024,15,15.582494296501572
46828,2024,16,16.527629205448296
46829,2024,16,16.527629205448296
46830,2024,17,16.527629205448296
46831,2024,16,16.527629205448296
46832,2024,17,16.527629205448296
46833,2024,16,16.527629205448296
46841,2024,16,15.582494296501572
46842,2024,15,15.582494296501572
46843,2024,15,15.582494296501572
46844,2024,16,16.527629205448296
46845,2024,16,16.527629205448296
46846,2024,17,16.527629205448296
46847,2024,16,16.527629205448296
46848,2024,17,16.527629205448296
46849,2024,16,16.527629205448296
46855,2024,12,14.851717461159408
46856,2024,16,15.866587211685777
46857,2024,15,15.849247051280337
46858,2024,15,15.866587211685777
46859,2024,15,15.849247051280337
46860,2024,22,21.884661644038648
46861,2024,25,25.106524384058947
46862,2024,22,21.33668304115905
46863,2024,31,26.595949610287313
46864,2024,31,33.09118222337804
46865,2024,31,26.595949610287313
46866,2024,28,26.927771993085457
46869,2024,27,26.927771993085457
46870,2024,19,18.89099761369482
46871,2024,26,23.878321621162087
46873,2024,17,17.966907906326913
46874,2024,17,17.966907906326913
46876,2024,17,17.966907906326913
46877,2024,17,17.966907906326913
46878,2024,24,23.266985125294347
46879,2024,21,20.647875681746683
46880,2024,21,19.370528972762685
46881,2024,23,24.07714807280429
46882,2024,23,24.07714807280429
46883,2024,27,25.686110426240575
46884,2024,28,25.686110426240575
46885,2024,19,19.504079576921132
46886,2024,19,19.504079576921132
46887,2024,17,20.4859769055856
46888,2024,18,20.4859769055856
46889,2024,25,25.62171005215615
46890,2024,26,25.62171005215615
46892,2024,27,25.377112820822983
46893,2024,25,25.377112820822983
46894,2024,26,25.668062246400286
46895,2024,21,23.878321621162087
46896,2024,16,16.066232441353286
46897,2024,15,14.993681098055713
46898,2024,15,14.714169999132858
46899,2024,21,21.605574380133316
46904,2024,19,17.966907906326913
46905,2024,19,17.966907906326913
46906,2024,17,16.704007731003077
46907,2024,17,16.704007731003077
47006,2024,9,9.936944592816891
47007,2024,19,17.519776979273
47008,2024,14,13.28023073248847
47009,2024,14,13.28023073248847
47010,2024,13,13.28023073248847
47011,2024,20,18.779891376112914
47012,2024,22,22.419424864294047
47013,2024,19,22.419424864294047
47014,2024,16,18.26644360146218
47015,2024,15,17.884167897375686
47016,2024,16,18.26644360146218
47017,2024,15,17.884167897375686
47018,2024,16,18.26644360146218
47019,2024,22,23.37520962720345
47020,2024,24,24.123731709336848
47021,2024,22,23.37520962720345
47022,2024,24,24.123731709336848
47023,2024,21,21.110055606645393
47024,2024,22,22.21950959008311
47025,2024,19,17.884167897375686
47026,2024,21,18.26644360146218
47027,2024,19,17.884167897375686
47028,2024,21,18.26644360146218
47029,2024,21,21.110055606645393
47030,2024,22,22.21950959008311
47031,2024,16,18.26644360146218
47032,2024,17,17.04263012096263
47033,2024,16,17.04263012096263
47034,2024,16,17.04263012096263
47035,2024,16,17.04263012096263
47040,2024,24,20.511021768017095
47041,2024,22,20.511021768017095
47042,2024,20,19.357993579405345
47043,2024,16,17.182630107650528
47044,2024,16,16.408568562700918
47045,2024,20,17.182630107650528
47046,2024,19,16.408568562700918
47047,2024,22,21.726396711647496
47048,2024,19,19.068491367785285
47050,2024,24,20.511021768017095
47053,2024,25,26.699657120456653
47054,2024,23,23.198533362238337
47055,2024,34,33.318225387336575
47056,2024,33,33.318225387336575
47057,2024,28,26.799857354317417
47060,2024,23,20.511021768017095
47068,2024,36,33.61701682313214
47069,2024,34,33.27513419003486
47070,2024,31,32.00261909147952
47071,2024,35,33.26935227883148
47072,2024,33,29.92985422211088
47074,2024,34,33.5982544179247
47075,2024,36,33.5982544179247
47076,2024,24,26.103912206831676
47077,2024,26,28.900836145916898
47078,2024,30,30.702191664229595
47079,2024,34,33.26935227883148
47080,2024,32,33.26935227883148
47081,2024,31,31.200782027999516
47082,2024,29,28.684111457828948
47083,2024,30,31.200782027999516
47084,2024,29,27.117160202396626
47085,2024,26,25.506584201787962
47086,2024,25,25.506584201787962
47087,2024,26,25.506584201787962
47088,2024,29,27.53067149375107
47089,2024,28,27.53067149375107
47090,2024,32,30.179908969823476
47091,2024,31,30.179908969823476
47097,2024,35,33.61701682313214
47098,2024,33,33.27513419003486
47099,2024,31,32.00261909147952
47100,2024,33,33.26935227883148
47101,2024,32,29.92985422211088
47102,2024,29,26.799857354317417
47103,2024,32,33.61701682313214
47108,2024,23,23.285833481877603
47109,2024,22,22.62006634519414
47111,2024,19,18.19442526181164
47112,2024,20,20.22304690007449
47113,2024,19,20.22304690007449
47114,2024,20,20.22304690007449
47115,2024,19,20.22304690007449
47116,2024,17,17.49297173850115
47117,2024,20,20.36728403625385
47118,2024,20,20.36728403625385
47120,2024,17,18.19442526181164
47121,2024,18,18.19442526181164
47122,2024,19,18.19442526181164
47123,2024,16,18.19442526181164
47124,2024,17,18.19442526181164
47125,2024,18,18.19442526181164
47126,2024,16,18.19442526181164
47127,2024,17,17.327572468438575
47128,2024,16,17.327572468438575
47129,2024,19,19.531191107138458
47130,2024,19,19.531191107138458
47133,2024,22,21.991575757575756
47134,2024,22,21.991575757575756
47135,2024,22,22.616284336689773
47137,2024,25,25.128229498868528
47138,2024,27,26.570946121423876
47139,2024,23,22.616284336689773
47140,2024,27,25.164113393479013
47141,2024,26,25.164113393479013
47142,2024,31,27.617750697101304
47143,2024,23,24.07714807280429
47146,2024,25,24.07714807280429
47147,2024,27,24.07714807280429
47150,2024,24,23.897327306826412
47152,2024,28,25.377112820822983
47153,2024,24,25.377112820822983
47154,2024,26,24.429344223310157
47155,2024,25,24.49820741434617
47156,2024,23,21.409344314325047
47157,2024,21,21.409344314325047
47158,2024,19,18.9681222070903
47159,2024,21,23.878321621162087
47160,2024,19,18.9681222070903
47161,2024,29,25.62171005215615
47162,2024,27,25.62171005215615
47163,2024,26,25.62171005215615
47164,2024,25,24.07714807280429
47165,2024,24,24.07714807280429
47166,2024,27,27.327420676628474
47167,2024,19,19.39378915391385
47168,2024,23,22.616284336689773
47169,2024,20,19.87960578783698
47170,2024,20,19.87960578783698
47171,2024,22,21.130708722668476
47172,2024,21,21.130708722668476
47175,2024,17,15.606553640294141
47177,2024,21,24.07714807280429
47178,2024,17,16.704007731003077
47179,2024,13,15.665332088655635
47180,2024,18,17.565334801156837
47181,2024,17,17.565334801156837
47182,2024,21,20.365715230818957
47183,2024,21,20.365715230818957
47184,2024,20,20.365715230818957
47185,2024,22,21.317623681759137
47186,2024,19,17.966907906326913
47187,2024,19,17.966907906326913
47188,2024,17,17.966907906326913
47189,2024,17,17.966907906326913
47190,2024,21,20.574100625466695
47191,2024,22,20.574100625466695
47198,2024,19,21.605574380133316
47200,2024,19,21.605574380133316
47202,2024,16,16.634436811294236
47203,2024,16,16.634436811294236
47207,2024,18,17.565334801156837
47209,2024,22,21.409344314325047
47210,2024,22,23.897327306826412
47211,2024,21,23.897327306826412
47232,2024,14,14.682859168093682
47233,2024,19,19.068491367785285
47234,2024,24,27.21043988146928
47236,2024,35,33.86407398180307
47237,2024,30,30.035275363611284
47238,2024,15,14.682859168093682
47239,2024,20,20.511021768017095
47240,2024,33,33.86407398180307
47241,2024,34,33.26935227883148
47242,2024,33,33.26935227883148
47249,2024,21,20.021005650094665
47250,2024,20,19.0784018525048
47251,2024,19,19.0784018525048
47253,2024,20,20.129205891660224
47255,2024,26,25.164113393479013
47257,2024,23,24.08722618322685
47258,2024,23,24.08722618322685
47259,2024,25,24.07714807280429
47260,2024,25,24.07714807280429
47263,2024,23,25.128229498868528
47264,2024,12,13.949838031450266
47273,2024,23,23.897327306826412
47286,2024,18,22.415682359522133
47287,2024,18,22.415682359522133
47288,2024,17,19.33754315205766
47289,2024,16,17.290567717930404
47290,2024,20,20.597400211018222
47291,2024,20,20.597400211018222
47292,2024,21,20.293917650600815
47293,2024,20,20.597400211018222
47294,2024,20,20.293917650600815
47295,2024,20,20.597400211018222
47296,2024,20,19.60067826480366
47297,2024,20,20.511021768017095
47298,2024,20,19.60067826480366
47299,2024,20,20.511021768017095
47300,2024,20,20.511021768017095
47301,2024,20,20.511021768017095
47302,2024,19,20.511021768017095
47303,2024,20,20.511021768017095
47304,2024,20,19.60067826480366
47305,2024,20,20.511021768017095
47306,2024,19,20.597400211018222
47307,2024,20,20.293917650600815
47308,2024,19,20.597400211018222
47309,2024,20,20.293917650600815
47310,2024,19,20.511021768017095
47311,2024,19,19.60067826480366
47312,2024,19,20.511021768017095
47313,2024,19,19.60067826480366
47314,2024,19,20.511021768017095
47315,2024,19,19.60067826480366
47316,2024,15,14.682859168093682
47317,2024,17,17.290567717930404
47318,2024,22,21.88100835169875
47319,2024,23,22.368369449722387
47320,2024,22,21.88100835169875
47321,2024,25,27.078019321495507
47322,2024,19,18.994700851837074
47323,2024,23,27.53067149375107
47324,2024,24,26.05247941185825
47325,2024,22,21.88100835169875
47326,2024,23,22.368369449722387
47327,2024,22,21.88100835169875
47328,2024,20,18.994700851837074
47329,2024,25,27.078019321495507
47330,2024,31,29.497889995195724
47331,2024,30,27.442873007281676
47332,2024,27,27.442873007281676
47335,2024,23,26.103912206831676
47338,2024,17,17.030552073272347
47343,2024,35,31.053544692315864
47344,2024,34,31.053544692315864
47345,2024,35,31.053544692315864
47346,2024,33,31.053544692315864
47347,2024,17,17.290567717930404
47352,2024,22,21.514861242064047
47353,2024,21,21.022347824288993
47356,2024,28,27.53067149375107
47357,2024,29,30.179908969823476
47358,2024,27,30.179908969823476
47359,2024,25,26.699657120456653
47363,2024,26,24.37506090947228
47365,2024,20,20.22304690007449
47366,2024,25,23.038929514554432
47367,2024,21,23.038929514554432
47368,2024,22,22.859702847576685
47370,2024,22,20.678461764442414
47371,2024,17,19.520679657574373
47374,2024,30,26.927771993085457
47375,2024,26,28.905803403768555
47376,2024,23,20.93843937761215
47377,2024,21,21.317623681759137
47378,2024,20,20.4859769055856
47379,2024,20,20.4859769055856
47382,2024,25,25.377112820822983
47383,2024,29,25.377112820822983
47384,2024,25,25.377112820822983
47387,2024,29,25.62171005215615
47388,2024,28,25.62171005215615
47389,2024,28,25.62171005215615
47390,2024,30,25.62171005215615
47394,2024,16,15.97753800600321
47396,2024,17,17.038401132657594
47397,2024,17,17.038401132657594
47398,2024,16,15.97753800600321
47399,2024,16,15.97753800600321
47402,2024,21,21.130708722668476
47403,2024,17,16.625455498347442
47404,2024,17,17.038401132657594
47405,2024,17,17.038401132657594
47406,2024,16,15.97753800600321
47407,2024,16,15.97753800600321
47410,2024,16,16.066232441353286
47411,2024,17,17.494156445138746
47412,2024,16,15.158371179795118
47413,2024,17,15.158371179795118
47415,2024,16,15.665332088655635
47417,2024,17,16.456340121975263
47418,2024,16,16.456340121975263
47419,2024,16,16.456340121975263
47420,2024,16,15.665332088655635
47421,2024,16,15.665332088655635
47424,2024,21,20.574100625466695
47425,2024,17,16.798786716608703
47426,2024,13,14.494421270507964
47427,2024,15,14.714169999132858
47428,2024,17,16.456340121975263
47429,2024,16,16.456340121975263
47430,2024,16,15.665332088655635
47431,2024,16,15.665332088655635
47434,2024,17,16.798786716608703
47435,2024,19,19.881330010460815
47436,2024,14,15.158371179795118
47437,2024,15,14.993681098055713
47438,2024,17,17.280024576186335
47439,2024,17,17.274716698191153
47549,2024,14,14.36415522701126
47550,2024,19,18.18568629498584
47552,2024,16,17.030552073272347
47553,2024,16,17.030552073272347
47554,2024,22,21.194206146049797
47555,2024,25,24.747382148171358
47556,2024,22,21.194206146049797
47557,2024,24,24.747382148171358
47558,2024,18,16.874043455369304
47559,2024,19,18.41616117009925
47560,2024,20,20.511021768017095
47564,2024,16,17.030552073272347
47565,2024,16,17.030552073272347
47566,2024,25,31.053544692315864
47567,2024,24,24.592728388802524
47568,2024,21,21.217244541916475
47570,2024,31,30.702191664229595
47571,2024,23,27.117160202396626
47572,2024,24,26.799857354317417
47573,2024,23,21.697430585926792
47574,2024,22,21.452303607209082
47575,2024,22,21.697430585926792
47576,2024,22,21.452303607209082
47580,2024,22,20.951342099764695
47581,2024,21,25.126531863960043
47582,2024,24,26.799857354317417
47585,2024,15,14.682859168093682
47587,2024,22,20.22304690007449
47588,2024,22,22.47068323506559
47589,2024,23,22.47068323506559
47590,2024,23,22.47068323506559
47591,2024,16,18.19442526181164
47592,2024,18,18.19442526181164
47593,2024,17,18.19442526181164
47594,2024,20,18.19442526181164
47595,2024,16,18.19442526181164
47596,2024,18,18.19442526181164
47597,2024,17,18.19442526181164
47598,2024,20,19.4648548044949
47599,2024,21,20.66523828041011
47600,2024,21,20.66523828041011
47601,2024,21,20.66523828041011
47602,2024,21,20.66523828041011
47603,2024,19,15.431814634167573
47604,2024,20,19.981526723303272
47605,2024,21,21.321279874179243
47606,2024,20,20.392113993004788
47607,2024,17,17.07892169628231
47608,2024,20,20.36728403625385
47609,2024,20,20.36728403625385
47611,2024,20,19.70798879632005
47613,2024,20,19.70798879632005
47614,2024,19,15.344051821816532
47615,2024,16,17.102185286133427
47616,2024,19,17.102185286133427
47617,2024,12,15.97038924267453
47618,2024,21,21.204477762863206
47619,2024,20,21.204477762863206
47620,2024,19,18.80516045084771
47621,2024,18,19.2639588171324
47622,2024,19,18.80516045084771
47623,2024,17,16.50037588210628
47624,2024,19,19.531191107138458
47627,2024,30,31.539357689810476
47629,2024,24,26.927771993085457
47630,2024,26,26.927771993085457
47631,2024,23,26.927771993085457
47632,2024,25,25.164113393479013
47633,2024,33,31.539357689810476
47634,2024,32,31.539357689810476
47635,2024,32,25.604020313119932
47637,2024,25,25.128229498868528
47638,2024,24,25.128229498868528
47639,2024,28,23.878321621162087
47640,2024,28,23.878321621162087
47641,2024,26,23.878321621162087
47642,2024,28,28.905803403768555
47644,2024,20,18.24861822190537
47645,2024,20,20.134660070910773
47646,2024,17,18.24861822190537
47647,2024,17,18.24861822190537
47648,2024,18,20.134660070910773
47649,2024,17,18.24861822190537
47650,2024,18,20.134660070910773
47651,2024,20,18.174438111538738
47652,2024,17,18.174438111538738
47653,2024,18,18.174438111538738
47654,2024,17,18.174438111538738
47655,2024,26,24.07714807280429
47656,2024,22,25.62171005215615
47657,2024,23,25.62171005215615
47658,2024,25,25.62171005215615
47659,2024,23,25.62171005215615
47660,2024,24,24.07714807280429
47661,2024,24,24.07714807280429
47665,2024,31,28.905803403768555
47666,2024,31,28.905803403768555
47667,2024,30,24.08722618322685
47669,2024,24,23.897327306826412
47670,2024,21,21.33668304115905
47671,2024,24,23.88849555227409
47672,2024,21,20.478461915965006
47673,2024,20,20.478461915965006
47674,2024,21,20.478461915965006
47675,2024,16,16.704007731003077
47676,2024,16,16.704007731003077
47677,2024,20,20.647875681746683
47678,2024,23,20.134660070910773
47679,2024,20,19.152636845667818
47680,2024,20,19.152636845667818
47681,2024,21,20.134660070910773
47682,2024,15,19.152636845667818
47684,2024,15,18.269058999553074
47685,2024,14,18.269058999553074
47686,2024,17,19.795840793766487
47687,2024,20,19.152636845667818
47688,2024,14,15.158371179795118
47689,2024,11,15.158371179795118
47695,2025,28,26.966342972190105
47696,2025,24,20.597400211018222
47697,2025,24,20.511021768017095
47698,2025,24,20.597400211018222
47699,2025,24,20.511021768017095
47700,2025,19,18.09888567426203
47701,2025,19,18.09888567426203
47702,2025,17,18.09888567426203
47703,2025,17,18.09888567426203
47704,2025,19,20.273801644919633
47705,2025,20,20.362253937376025
47706,2025,23,27.53067149375107
47707,2025,24,26.05247941185825
47712,2025,24,20.597400211018222
47713,2025,24,20.511021768017095
47714,2025,19,18.09888567426203
47715,2025,19,18.09888567426203
47716,2025,17,18.09888567426203
47717,2025,27,27.53067149375107
47718,2025,29,30.179908969823476
47719,2025,30,30.179908969823476
47720,2025,27,30.179908969823476
47722,2025,21,19.952471294015876
47725,2025,19,18.285819223369696
47727,2025,17,18.285819223369696
47728,2025,22,22.616284336689773
47730,2025,22,25.62171005215615
47731,2025,24,25.62171005215615
47732,2025,20,20.51588396549354
47733,2025,24,24.07714807280429
47734,2025,17,17.14964510858566
47737,2025,23,24.07714807280429
47740,2025,29,25.62171005215615
47741,2025,28,25.62171005215615
47751,2025,21,25.62171005215615
47752,2025,19,20.51588396549354
47753,2025,21,20.365715230818957
47754,2025,21,20.365715230818957
47755,2025,20,20.365715230818957
47756,2024,29,23.37520962720345
47757,2024,29,26.636297984963573
47758,2024,15,17.884167897375686
47759,2024,16,18.26644360146218
47761,2024,21,19.594756242949263
47763,2025,25,22.415682359522133
47764,2025,22,18.779891376112914
47773,2025,19,19.431735346897113
47774,2025,19,20.597400211018222
47775,2025,18,20.511021768017095
47776,2025,18,20.511021768017095
47777,2025,32,29.92985422211088
47778,2025,30,27.53067149375107
47779,2025,26,25.126531863960043
47780,2025,30,30.408920835356586
47781,2025,29,30.408920835356586
47782,2025,27,28.98431194138393
47783,2025,28,29.902822467808527
47784,2025,21,21.636002094523835
47785,2025,30,30.483876124706626
47787,2025,31,30.483876124706626
47789,2025,28,26.927771993085457
47790,2025,28,26.927771993085457
47791,2025,27,28.01447735119482
47792,2025,27,28.01447735119482
47793,2025,26,25.62171005215615
47794,2025,28,25.62171005215615
47797,2025,24,23.897327306826412
47798,2025,24,23.897327306826412
47799,2025,27,23.878321621162087
47800,2025,26,23.878321621162087
47801,2025,28,25.62171005215615
47802,2025,25,23.897327306826412
47803,2025,23,23.897327306826412
47804,2025,22,24.07714807280429
47806,2025,17,16.704007731003077
47925,2025,18,18.732307803579985
47926,2025,17,19.33754315205766
47930,2025,21,21.184281282521813
47931,2025,22,21.184281282521813
47932,2025,20,21.217244541916475
47933,2025,21,21.217244541916475
47934,2025,26,25.549459899646028
47935,2025,25,24.592728388802524
47938,2025,33,33.27513419003486
47939,2025,32,33.27513419003486
47940,2025,30,32.00261909147952
47942,2025,30,29.902822467808527
47943,2025,31,29.902822467808527
47946,2025,15,18.285819223369696
47949,2025,30,30.28217250479712
47951,2025,22,22.002575914825904
47952,2025,31,26.595949610287313
47953,2025,31,26.595949610287313
47954,2025,31,25.164113393479013
47955,2025,24,23.266985125294347
47956,2025,28,28.01783550118612
47958,2025,21,20.669170897658752
47959,2025,27,25.686110426240575
47960,2025,28,25.686110426240575
47961,2025,25,27.331243573402613
47962,2025,29,24.07714807280429
47965,2025,17,15.158371179795118
47966,2025,27,26.966342972190105
47967,2025,26,22.415682359522133
47968,2025,21,18.779891376112914
47969,2025,28,26.699657120456653
47970,2025,19,20.597400211018222
47971,2025,18,20.511021768017095
47972,2025,32,29.92985422211088
47973,2025,24,20.511021768017095
47976,2025,19,19.431735346897113
47977,2025,19,20.597400211018222
47978,2025,18,20.511021768017095
47979,2025,26,27.078019321495507
47980,2025,25,26.103912206831676
47981,2025,25,23.51376483937735
47982,2025,23,23.51376483937735
47983,2025,24,23.339361034189974
47984,2025,23,23.339361034189974
47985,2025,19,21.726396711647496
47986,2025,18,19.357993579405345
47989,2025,31,29.497889995195724
47990,2025,30,27.442873007281676
47991,2025,27,27.442873007281676
47994,2025,23,26.103912206831676
47995,2025,32,29.92985422211088
47996,2025,35,31.053544692315864
47997,2025,33,31.053544692315864
47998,2025,29,29.92985422211088
47999,2025,30,26.799857354317417
48000,2025,33,33.318225387336575
48003,2025,27,27.078019321495507
48004,2025,26,26.103912206831676
48005,2025,23,20.511021768017095
48006,2025,20,19.594756242949263
48013,2025,15,17.182630107650528
48014,2025,15,16.408568562700918
48015,2025,31,33.61701682313214
48016,2025,36,33.26935227883148
48017,2025,34,29.92985422211088
48019,2025,34,33.5982544179247
48020,2025,36,33.5982544179247
48021,2025,31,30.702191664229595
48024,2025,23,27.117160202396626
48025,2025,24,26.799857354317417
48026,2025,30,28.664227189133545
48027,2025,30,29.497889995195724
48028,2025,29,27.442873007281676
48029,2025,26,27.442873007281676
48038,2025,24,27.53067149375107
48039,2025,19,20.741593141114627
48040,2025,21,20.741593141114627
48042,2025,24,26.799857354317417
48043,2025,28,27.53067149375107
48044,2025,29,30.179908969823476
48045,2025,32,30.179908969823476
48046,2025,27,30.179908969823476
48055,2025,22,22.616284336689773
48056,2025,26,25.106524384058947
48057,2025,24,25.106524384058947
48058,2025,23,25.106524384058947
48059,2025,21,21.33668304115905
48060,2025,21,21.33668304115905
48061,2025,27,30.28217250479712
48062,2025,25,25.106524384058947
48063,2025,22,21.33668304115905
48064,2025,28,30.738419534169516
48065,2025,28,26.927771993085457
48068,2025,26,26.927771993085457
48069,2025,23,26.927771993085457
48070,2025,21,20.365715230818957
48071,2025,24,24.07714807280429
48072,2025,21,17.966907906326913
48073,2025,21,17.966907906326913
48079,2025,24,24.07714807280429
48081,2025,17,17.966907906326913
48082,2025,17,17.966907906326913
48083,2025,24,23.266985125294347
48084,2025,23,23.266985125294347
48085,2025,23,23.266985125294347
48086,2025,21,20.647875681746683
48087,2025,20,20.647875681746683
48088,2025,25,23.266985125294347
48089,2025,26,26.820018597942344
48090,2025,24,23.266985125294347
48091,2025,21,20.647875681746683
48092,2025,21,21.317623681759137
48093,2025,26,27.331243573402613
48094,2025,25,24.07714807280429
48095,2025,27,24.07714807280429
48096,2025,25,25.62171005215615
48100,2025,25,25.62171005215615
48101,2025,23,25.62171005215615
48102,2025,26,25.62171005215615
48103,2025,22,23.266985125294347
48104,2025,20,23.266985125294347
48109,2025,23,26.927771993085457
48110,2025,23,26.927771993085457
48111,2025,23,26.927771993085457
48112,2025,21,20.478461915965006
48113,2025,19,19.97711640787259
48114,2025,17,16.704007731003077
48116,2025,21,25.62171005215615
48117,2025,21,25.62171005215615
48118,2025,20,19.152636845667818
48119,2025,21,19.152636845667818
48120,2025,23,20.134660070910773
48122,2025,21,25.62171005215615
48123,2025,21,21.605574380133316
48130,2025,19,21.605574380133316
48131,2025,19,21.605574380133316
48132,2025,20,19.152636845667818
48148,2025,18,22.415682359522133
48149,2025,18,22.415682359522133
48150,2025,26,26.699657120456653
48151,2025,30,27.078019321495507
48152,2025,28,26.103912206831676
48153,2025,26,20.597400211018222
48154,2025,26,20.511021768017095
48155,2025,19,19.431735346897113
48160,2025,25,31.053544692315864
48161,2025,24,24.592728388802524
48162,2025,21,21.217244541916475
48172,2025,33,33.318225387336575
48178,2025,31,32.00261909147952
48179,2025,33,33.5982544179247
48180,2025,34,33.5982544179247
48181,2025,25,25.506584201787962
48182,2025,25,25.506584201787962
48183,2025,28,27.53067149375107
48186,2025,31,31.200782027999516
48187,2025,28,28.684111457828948
48188,2025,30,31.200782027999516
48189,2025,24,26.799857354317417
48194,2025,21,20.213035439729975
48195,2025,21,19.594756242949263
48200,2025,19,20.22304690007449
48201,2025,19,20.22304690007449
48202,2025,18,18.123564657162465
48203,2025,18,18.123564657162465
48205,2025,19,20.22304690007449
48206,2025,19,20.22304690007449
48207,2025,18,18.123564657162465
48208,2025,17,18.123564657162465
48214,2025,18,18.19442526181164
48215,2025,18,18.19442526181164
48216,2025,16,18.19442526181164
48217,2025,16,18.19442526181164
48220,2025,17,15.582494296501572
48221,2025,15,15.582494296501572
48222,2025,15,15.582494296501572
48223,2025,16,16.527629205448296
48224,2025,16,16.527629205448296
48225,2025,17,16.527629205448296
48226,2025,16,16.527629205448296
48227,2025,17,16.527629205448296
48228,2025,16,16.527629205448296
48232,2025,17,18.19442526181164
48233,2025,18,18.19442526181164
48234,2025,16,18.19442526181164
48237,2025,16,15.582494296501572
48238,2025,15,15.582494296501572
48239,2025,15,15.582494296501572
48240,2025,16,16.527629205448296
48241,2025,16,16.527629205448296
48242,2025,17,16.527629205448296
48243,2025,16,16.527629205448296
48244,2025,17,16.527629205448296
48245,2025,16,16.527629205448296
48246,2025,21,21.204477762863206
48247,2025,20,21.204477762863206
48248,2025,16,15.866587211685777
48249,2025,15,15.849247051280337
48250,2025,16,15.866587211685777
48251,2025,15,15.849247051280337
48252,2025,22,21.991575757575756
48253,2025,22,21.991575757575756
48254,2025,22,21.884661644038648
48255,2025,20,20.129205891660224
48257,2025,25,26.927771993085457
48258,2025,24,26.927771993085457
48259,2025,31,27.179420381575422
48260,2025,25,24.07714807280429
48261,2025,28,23.878321621162087
48262,2025,26,23.878321621162087
48263,2025,28,23.878321621162087
48264,2025,26,23.878321621162087
48266,2025,24,25.62171005215615
48267,2025,22,25.62171005215615
48268,2025,22,25.62171005215615
48269,2025,23,25.62171005215615
48270,2025,21,25.62171005215615
48273,2025,28,25.377112820822983
48274,2025,25,25.377112820822983
48277,2025,30,26.307295450707855
48278,2025,20,24.07714807280429
48279,2025,20,21.130708722668476
48280,2025,17,16.625455498347442
48281,2025,21,20.478461915965006
48282,2025,21,20.478461915965006
48283,2025,24,23.88849555227409
48284,2025,24,25.106524384058947
48285,2025,18,21.18107740041107
48287,2025,20,20.574100625466695
48288,2025,17,16.798786716608703
48289,2025,13,14.494421270507964
48290,2025,24,23.266985125294347
48291,2025,17,21.409344314325047
48294,2025,14,13.637790359623176
48295,2025,14,13.637790359623176
48453,2024,21,17.987263789278032
48455,2024,30,29.92985422211088
48456,2024,31,33.61701682313214
48457,2024,21,20.213035439729975
48458,2024,18,17.102185286133427
48459,2024,17,15.344051821816532
48463,2024,24,23.266985125294347
48465,2024,23,26.927771993085457
48466,2024,23,26.927771993085457
48467,2024,21,25.62171005215615
48468,2024,21,25.62171005215615
48477,2025,19,17.519776979273
48479,2025,14,17.45228773063882
48480,2025,14,17.45228773063882
48482,2025,16,17.030552073272347
48483,2025,16,17.030552073272347
48484,2025,22,21.194206146049797
48485,2025,25,24.747382148171358
48493,2025,35,33.26935227883148
48494,2025,34,33.26935227883148
48495,2025,34,31.053544692315864
48496,2025,34,33.26935227883148
48500,2025,34,33.26935227883148
48501,2025,33,33.26935227883148
48502,2025,34,29.92985422211088
48504,2025,32,33.61701682313214
48506,2025,15,14.682859168093682
48507,2025,30,24.101854839746906
48508,2025,29,22.821529310100527
48509,2025,21,20.021005650094665
48510,2025,20,20.36728403625385
48511,2025,20,20.36728403625385
48513,2025,19,18.80516045084771
48514,2025,19,19.0784018525048
48515,2025,18,19.0784018525048
48516,2025,19,19.531191107138458
48517,2025,19,19.531191107138458
48520,2025,26,25.164113393479013
48521,2025,22,22.002575914825904
48522,2025,33,31.539357689810476
48523,2025,32,31.539357689810476
48524,2025,22,25.164113393479013
48525,2025,23,25.164113393479013
48526,2025,23,24.08722618322685
48527,2025,23,24.08722618322685
48528,2025,23,24.07714807280429
48529,2025,25,24.07714807280429
48530,2025,21,21.605574380133316
48531,2025,19,19.504079576921132
48532,2025,21,21.605574380133316
48533,2025,19,19.504079576921132
48534,2025,20,20.669170897658752
48536,2025,24,24.07714807280429
48537,2025,25,25.377112820822983
48538,2025,28,25.377112820822983
48539,2025,24,25.377112820822983
48540,2025,31,28.905803403768555
48541,2025,31,28.905803403768555
48542,2025,29,28.905803403768555
48543,2025,29,24.07714807280429
48544,2025,29,25.62171005215615
48545,2025,27,25.62171005215615
48546,2025,21,24.07714807280429
48547,2025,21,24.07714807280429
48548,2025,21,24.07714807280429
48549,2025,20,19.87960578783698
48550,2025,20,19.87960578783698
48551,2025,21,21.130708722668476
48552,2025,22,21.130708722668476
48554,2025,16,16.704007731003077
48555,2025,16,16.704007731003077
48556,2025,13,15.665332088655635
48557,2025,15,18.269058999553074
48558,2025,14,18.269058999553074
48559,2025,17,17.966907906326913
48560,2025,17,17.966907906326913
48561,2025,19,17.966907906326913
48562,2025,19,17.966907906326913
48563,2025,21,20.4859769055856
48564,2025,22,20.4859769055856
48565,2025,16,16.634436811294236
48566,2025,16,16.634436811294236
48567,2025,16,16.634436811294236
48571,2025,19,17.966907906326913
48572,2025,19,17.966907906326913
48573,2025,22,23.897327306826412
48574,2025,21,23.897327306826412
48576,2024,21,20.22304690007449
48577,2024,20,18.19442526181164
48578,2025,9,9.936944592816891
48579,2025,14,13.688433504404095
48580,2025,13,13.28023073248847
48582,2025,14,17.862184638346402
48583,2025,14,17.862184638346402
48584,2025,19,17.884167897375686
48585,2025,21,18.26644360146218
48586,2025,19,17.884167897375686
48587,2025,21,18.26644360146218
48588,2025,19,19.068491367785285
48589,2025,21,20.597400211018222
48590,2025,21,20.597400211018222
48591,2025,17,17.04263012096263
48592,2025,16,17.04263012096263
48593,2025,16,17.04263012096263
48594,2025,16,17.04263012096263
48595,2025,22,27.401005296446463
48596,2025,24,27.21043988146928
48597,2025,35,33.86407398180307
48598,2025,30,30.035275363611284
48602,2025,30,31.539357689810476
48603,2025,27,30.28217250479712
48604,2025,31,33.09118222337804
48605,2025,25,25.164113393479013
48606,2025,23,22.616284336689773
48607,2025,26,24.07714807280429
48608,2025,28,28.905803403768555
48610,2025,25,26.820018597942344
48611,2025,24,24.07714807280429
48612,2025,29,25.377112820822983
48613,2025,25,25.377112820822983
48615,2025,23,21.409344314325047
48616,2025,21,21.409344314325047
48617,2025,21,23.878321621162087
48618,2025,19,18.9681222070903
48619,2025,21,23.878321621162087
48620,2025,17,15.97753800600321
48621,2025,17,15.97753800600321
48622,2025,16,15.97753800600321
48623,2025,17,17.038401132657594
48624,2025,17,17.038401132657594
48625,2025,17,15.97753800600321
48626,2025,16,15.97753800600321
48627,2025,17,17.038401132657594
48628,2025,17,17.038401132657594
48629,2025,16,15.665332088655635
48630,2025,16,15.665332088655635
48631,2025,16,15.665332088655635
48632,2025,17,16.456340121975263
48633,2025,16,16.456340121975263
48634,2025,12,13.949838031450266
48635,2025,16,15.665332088655635
48636,2025,16,15.665332088655635
48637,2025,17,16.456340121975263
48638,2025,16,16.456340121975263
48648,2025,22,21.409344314325047
48649,2025,17,16.704007731003077
48650,2025,18,16.704007731003077
48651,2025,18,16.704007731003077
48801,2025,16,16.403626337600024
48802,2025,29,23.37520962720345
48803,2025,29,26.636297984963573
48804,2025,14,17.862184638346402
48805,2025,20,18.779891376112914
48806,2025,22,22.419424864294047
48807,2025,19,22.419424864294047
48808,2025,22,23.37520962720345
48809,2025,24,24.123731709336848
48810,2025,22,23.37520962720345
48811,2025,24,24.123731709336848
48812,2025,21,21.110055606645393
48813,2025,22,22.21950959008311
48814,2025,21,21.110055606645393
48815,2025,22,22.21950959008311
48816,2025,16,18.26644360146218
48817,2025,18,18.41616117009925
48818,2025,30,29.92985422211088
48819,2025,30,29.92985422211088
48820,2025,30,29.92985422211088
48821,2025,22,21.194206146049797
48822,2025,24,24.747382148171358
48823,2025,17,18.41616117009925
48824,2025,17,16.874043455369304
48825,2025,19,18.41616117009925
48826,2025,26,23.368346850106924
48827,2025,18,16.874043455369304
48828,2025,12,18.517756620142844
48829,2025,18,18.41616117009925
48831,2025,22,21.88100835169875
48832,2025,23,22.368369449722387
48833,2025,22,21.88100835169875
48834,2025,25,27.078019321495507
48835,2025,19,18.994700851837074
48836,2025,21,20.511021768017095
48837,2025,21,20.511021768017095
48838,2025,20,20.511021768017095
48839,2025,20,20.511021768017095
48840,2025,30,29.92985422211088
48841,2025,30,26.699657120456653
48842,2025,27,26.699657120456653
48843,2025,22,21.88100835169875
48844,2025,23,22.368369449722387
48845,2025,22,21.88100835169875
48846,2025,20,18.994700851837074
48847,2025,25,27.078019321495507
48848,2025,17,17.030552073272347
48849,2025,32,29.92985422211088
48850,2025,25,26.699657120456653
48851,2025,27,29.92985422211088
48852,2025,29,31.071377811759387
48854,2025,22,21.514861242064047
48855,2025,21,21.022347824288993
48856,2025,22,20.951342099764695
48857,2025,21,25.126531863960043
48862,2025,14,13.953445887445888
48863,2025,14,13.953445887445888
48864,2025,14,13.978486772486773
48865,2025,14,13.978486772486773
48866,2025,14,13.978486772486773
48870,2025,22,22.47068323506559
48871,2025,23,22.47068323506559
48872,2025,23,22.47068323506559
48874,2025,25,21.355235967907795
48875,2025,24,22.364489374230864
48876,2025,23,22.364489374230864
48877,2025,20,19.4648548044949
48878,2025,21,20.66523828041011
48879,2025,21,20.66523828041011
48880,2025,21,20.66523828041011
48881,2025,21,20.66523828041011
48882,2025,20,20.22304690007449
48883,2025,23,22.859702847576685
48884,2025,20,19.981526723303272
48885,2025,21,21.321279874179243
48886,2025,19,15.431814634167573
48887,2025,20,20.22304690007449
48888,2025,19,18.19442526181164
48889,2025,18,18.19442526181164
48890,2025,17,18.19442526181164
48891,2025,16,18.19442526181164
48892,2025,17,19.520679657574373
48893,2025,18,17.102185286133427
48894,2025,17,15.344051821816532
48895,2025,19,17.102185286133427
48896,2025,19,15.344051821816532
48898,2025,16,17.102185286133427
48899,2025,19,18.19442526181164
48900,2025,17,18.19442526181164
48901,2025,16,18.19442526181164
48906,2025,25,25.128229498868528
48907,2025,27,26.927771993085457
48908,2025,26,27.617750697101304
48909,2025,23,25.106524384058947
48910,2025,30,26.927771993085457
48911,2025,32,25.604020313119932
48912,2025,25,25.128229498868528
48913,2025,24,25.128229498868528
48914,2025,31,27.617750697101304
48915,2025,24,23.266985125294347
48916,2025,27,28.463423213153074
48917,2025,23,21.605574380133316
48918,2025,20,20.4859769055856
48919,2025,14,14.542768403652314
48921,2025,24,23.897327306826412
48923,2025,20,17.966907906326913
48925,2025,26,25.668062246400286
48926,2025,26,24.429344223310157
48927,2025,25,24.49820741434617
48928,2025,25,25.98505306929028
48929,2025,26,25.98505306929028
48930,2025,23,23.266985125294347
48931,2025,26,25.62171005215615
48933,2025,29,25.62171005215615
48934,2025,28,25.62171005215615
48935,2025,30,25.62171005215615
48938,2025,30,24.08722618322685
48940,2025,24,23.897327306826412
48941,2025,28,26.820018597942344
48943,2025,19,19.39378915391385
48946,2025,23,25.128229498868528
48947,2025,18,21.18107740041107
48949,2025,24,25.128229498868528
48950,2025,24,25.128229498868528
48951,2025,22,24.46138042759391
48952,2025,22,24.46138042759391
48953,2025,16,16.456340121975263
48956,2025,18,17.565334801156837
48957,2025,15,19.152636845667818
48958,2025,20,18.174438111538738
48963,2025,23,23.897327306826412
48964,2025,17,19.795840793766487
48965,2025,19,19.881330010460815
48967,2025,17,17.565334801156837
48968,2025,17,21.409344314325047
48969,2025,16,21.409344314325047
48970,2025,18,16.704007731003077
48971,2025,18,16.704007731003077
48974,2025,23,23.897327306826412
48975,2025,22,23.897327306826412
48976,2025,21,20.115386697683842
48982,2025,21,22.330509923223584
48983,2026,21,20.365715230818957
48984,2026,20,20.365715230818957
48985,2026,24,24.07714807280429
48987,2026,17,17.14964510858566
48988,2026,20,23.266985125294347
48989,2026,22,23.266985125294347
48990,2026,23,24.07714807280429
49031,2025,14,17.45228773063882
49032,2025,16,18.26644360146218
49033,2025,20,19.431735346897113
49034,2025,19,19.431735346897113
49035,2025,19,22.45162935805738
49037,2025,19,20.83932621439451
49038,2025,19,20.83932621439451
49039,2025,19,20.83932621439451
49040,2025,26,26.699657120456653
49041,2025,22,21.452303607209082
49042,2025,33,33.86407398180307
49043,2025,18,17.290567717930404
49044,2025,27,27.426270070412084
49045,2025,28,32.58284031562979
49046,2025,22,20.678461764442414
49047,2025,28,25.164113393479013
49048,2025,29,25.164113393479013
49049,2025,22,18.079041280120116
49050,2025,22,18.079041280120116
49051,2025,25,23.878321621162087
49052,2025,25,23.878321621162087
49053,2025,20,20.134660070910773
49054,2025,18,18.174438111538738
49055,2025,19,18.24861822190537
49056,2025,18,20.134660070910773
49057,2025,24,28.367216863946723
49058,2025,18,18.174438111538738
49059,2025,19,18.9681222070903
49060,2025,25,24.07714807280429
49130,2025,19,18.18568629498584
49131,2025,21,17.987263789278032
49132,2025,18,22.415682359522133
49133,2025,20,20.597400211018222
49134,2025,20,20.597400211018222
49135,2025,20,22.45162935805738
49136,2025,23,22.93411510167392
49137,2025,21,20.511021768017095
49138,2025,20,20.511021768017095
49142,2025,20,19.70798879632005
49143,2025,20,19.70798879632005
49144,2025,12,15.97038924267453
49146,2025,18,20.134660070910773
49147,2025,18,18.24861822190537
49148,2025,17,18.24861822190537
49165,2026,16,16.403626337600024
49166,2026,16,16.403626337600024
49167,2026,28,26.966342972190105
49168,2026,25,22.415682359522133
49169,2026,22,18.779891376112914
49170,2026,19,17.519776979273
49171,2026,14,17.45228773063882
49172,2026,15,17.45228773063882
49173,2026,14,17.45228773063882
49174,2026,16,17.862184638346402
49175,2026,16,17.862184638346402
49176,2026,16,17.862184638346402
49177,2026,27,26.966342972190105
49178,2026,25,22.415682359522133
49179,2026,21,18.779891376112914
49180,2026,18,18.41616117009925
49182,2026,16,17.030552073272347
49183,2026,16,17.030552073272347
49184,2026,16,17.030552073272347
49185,2026,30,29.92985422211088
49186,2026,30,29.92985422211088
49187,2026,30,29.92985422211088
49188,2026,21,20.597400211018222
49189,2026,21,20.597400211018222
49190,2026,20,20.597400211018222
49191,2026,20,20.597400211018222
49192,2026,20,19.431735346897113
49193,2026,19,19.431735346897113
49194,2026,30,27.078019321495507
49195,2026,28,26.103912206831676
49196,2026,26,20.597400211018222
49197,2026,26,20.511021768017095
49198,2026,19,19.431735346897113
49199,2026,19,20.597400211018222
49200,2026,19,20.597400211018222
49209,2026,19,19.431735346897113
49210,2026,19,20.597400211018222
49211,2026,18,20.511021768017095
49212,2026,18,20.511021768017095
49213,2026,24,20.597400211018222
49214,2026,24,20.511021768017095
49215,2026,24,20.597400211018222
49216,2026,24,20.511021768017095
49217,2026,19,18.09888567426203
49218,2026,19,18.09888567426203
49219,2026,18,18.41616117009925
49227,2026,32,29.92985422211088
49228,2026,32,29.92985422211088
49229,2026,30,29.92985422211088
49230,2026,30,26.699657120456653
49231,2026,31,29.92985422211088
49232,2026,27,26.699657120456653
49237,2026,19,19.431735346897113
49238,2026,19,20.597400211018222
49239,2026,18,20.511021768017095
49244,2026,25,23.51376483937735
49245,2026,23,23.51376483937735
49246,2026,24,23.339361034189974
49247,2026,23,23.339361034189974
49248,2026,19,21.726396711647496
49249,2026,18,19.357993579405345
49250,2026,26,27.078019321495507
49251,2026,25,26.103912206831676
49252,2026,19,20.273801644919633
49253,2026,20,20.362253937376025
49254,2026,23,27.53067149375107
49255,2026,24,26.05247941185825
49256,2026,30,29.497889995195724
49257,2026,29,27.442873007281676
49258,2026,27,27.442873007281676
49261,2026,23,26.103912206831676
49265,2026,32,29.92985422211088
49266,2026,32,29.92985422211088
49267,2026,29,29.92985422211088
49268,2026,29,26.799857354317417
49269,2026,34,33.318225387336575
49270,2026,33,33.318225387336575
49275,2026,24,20.597400211018222
49276,2026,24,20.511021768017095
49277,2026,19,18.09888567426203
49278,2026,22,21.184281282521813
49279,2026,21,21.184281282521813
49280,2026,21,21.217244541916475
49281,2026,20,21.217244541916475
49282,2026,15,17.182630107650528
49283,2026,15,16.408568562700918
49284,2026,26,25.549459899646028
49285,2026,24,24.592728388802524
49286,2026,31,32.00261909147952
49287,2026,36,33.26935227883148
49288,2026,34,29.92985422211088
49290,2026,28,28.664227189133545
49291,2026,29,29.497889995195724
49292,2026,28,27.442873007281676
49293,2026,26,27.442873007281676
49302,2026,25,26.699657120456653
49303,2026,27,29.92985422211088
49305,2026,32,33.27513419003486
49306,2026,32,33.27513419003486
49307,2026,30,32.00261909147952
49308,2026,24,26.799857354317417
49312,2026,23,27.53067149375107
49313,2026,18,20.741593141114627
49314,2026,21,20.741593141114627
49315,2026,34,29.92985422211088
49317,2026,27,27.53067149375107
49318,2026,29,30.179908969823476
49319,2026,32,30.179908969823476
49320,2026,27,30.179908969823476
49323,2026,27,27.53067149375107
49324,2026,29,30.179908969823476
49325,2026,30,30.179908969823476
49326,2026,27,30.179908969823476
49330,2026,15,14.682859168093682
49331,2026,14,13.953445887445888
49332,2026,14,13.953445887445888
49333,2026,14,13.978486772486773
49334,2026,14,13.978486772486773
49335,2026,14,13.978486772486773
49337,2026,30,30.408920835356586
49339,2026,29,30.408920835356586
49340,2026,27,28.98431194138393
49341,2026,28,29.902822467808527
49346,2026,17,17.725301693948747
49348,2026,29,24.101854839746906
49349,2026,29,22.821529310100527
49352,2026,30,33.82321851958384
49357,2026,19,20.22304690007449
49358,2026,20,20.22304690007449
49359,2026,21,20.22304690007449
49360,2026,18,18.123564657162465
49361,2026,17,18.123564657162465
49363,2026,19,20.22304690007449
49364,2026,20,20.22304690007449
49365,2026,18,18.123564657162465
49366,2026,17,18.123564657162465
49368,2026,21,19.952471294015876
49369,2026,20,20.36728403625385
49370,2026,20,20.36728403625385
49372,2026,20,20.36728403625385
49374,2026,16,18.19442526181164
49375,2026,17,18.19442526181164
49376,2026,17,18.19442526181164
49377,2026,18,18.19442526181164
49378,2026,19,18.19442526181164
49379,2026,19,18.19442526181164
49380,2026,17,18.19442526181164
49381,2026,18,18.19442526181164
49384,2026,17,15.582494296501572
49385,2026,15,15.582494296501572
49386,2026,15,15.582494296501572
49389,2026,17,16.527629205448296
49390,2026,16,16.527629205448296
49391,2026,17,16.527629205448296
49392,2026,16,16.527629205448296
49398,2026,16,18.19442526181164
49399,2026,17,18.19442526181164
49400,2026,17,18.19442526181164
49401,2026,18,18.19442526181164
49402,2026,19,18.19442526181164
49403,2026,17,18.19442526181164
49406,2026,16,15.582494296501572
49407,2026,15,15.582494296501572
49408,2026,15,15.582494296501572
49411,2026,17,16.527629205448296
49412,2026,16,16.527629205448296
49413,2026,16,16.527629205448296
49414,2026,16,16.527629205448296
49418,2026,17,18.285819223369696
49419,2026,15,18.285819223369696
49420,2026,20,18.285819223369696
49422,2026,19,19.531191107138458
49423,2026,19,19.531191107138458
49426,2026,19,19.531191107138458
49430,2026,16,15.866587211685777
49431,2026,15,15.849247051280337
49432,2026,16,15.866587211685777
49433,2026,15,15.849247051280337
49434,2026,22,21.991575757575756
49435,2026,22,21.991575757575756
49436,2026,22,21.884661644038648
49437,2026,21,21.636002094523835
49439,2026,22,22.616284336689773
49441,2026,30,30.483876124706626
49442,2026,27,30.28217250479712
49444,2026,31,30.483876124706626
49445,2026,22,23.473725657976242
49446,2026,27,30.28217250479712
49448,2026,28,30.738419534169516
49449,2026,31,26.595949610287313
49450,2026,25,26.927771993085457
49451,2026,24,26.927771993085457
49452,2026,31,33.09118222337804
49453,2026,28,26.927771993085457
49454,2026,31,26.595949610287313
49455,2026,28,26.927771993085457
49460,2026,26,26.927771993085457
49461,2026,23,26.927771993085457
49464,2026,32,31.539357689810476
49465,2026,23,25.164113393479013
49466,2026,23,25.164113393479013
49467,2026,31,27.617750697101304
49468,2026,28,25.164113393479013
49469,2026,29,25.164113393479013
49471,2026,21,20.365715230818957
49472,2026,28,23.878321621162087
49473,2026,27,23.878321621162087
49474,2026,28,23.878321621162087
49475,2026,26,23.878321621162087
49478,2026,25,23.266985125294347
49479,2026,27,28.01447735119482
49480,2026,26,26.820018597942344
49481,2026,27,28.01447735119482
49482,2026,22,25.62171005215615
49483,2026,23,25.62171005215615
49484,2026,21,20.51588396549354
49485,2026,25,26.820018597942344
49486,2026,25,26.820018597942344
49487,2026,29,28.01783550118612
49491,2026,26,27.331243573402613
49492,2026,27,25.686110426240575
49493,2026,24,25.62171005215615
49494,2026,20,25.62171005215615
49495,2026,21,25.62171005215615
49496,2026,23,25.62171005215615
49497,2026,20,25.62171005215615
49500,2026,26,25.62171005215615
49501,2026,28,25.686110426240575
49502,2026,26,24.07714807280429
49503,2026,26,25.62171005215615
49505,2026,25,27.331243573402613
49506,2026,29,24.07714807280429
49508,2026,25,25.62171005215615
49509,2026,23,25.62171005215615
49510,2026,24,25.62171005215615
49512,2026,24,23.897327306826412
49513,2026,24,23.897327306826412
49514,2026,24,24.07714807280429
49522,2026,27,23.878321621162087
49523,2026,25,23.878321621162087
49524,2026,31,28.905803403768555
49525,2026,29,28.905803403768555
49526,2026,21,23.878321621162087
49527,2026,19,18.9681222070903
49528,2026,21,23.878321621162087
49529,2026,19,18.9681222070903
49530,2026,29,25.62171005215615
49531,2026,27,25.62171005215615
49532,2026,28,25.62171005215615
49533,2026,24,23.897327306826412
49534,2026,29,25.62171005215615
49535,2026,26,25.62171005215615
49536,2026,23,23.897327306826412
49537,2026,26,25.62171005215615
49539,2026,21,24.07714807280429
49540,2026,22,24.07714807280429
49541,2026,22,24.07714807280429
49542,2026,21,24.07714807280429
49543,2026,28,25.98505306929028
49544,2026,25,24.07714807280429
49545,2026,25,24.07714807280429
49549,2026,22,26.927771993085457
49550,2026,22,26.927771993085457
49551,2026,20,21.130708722668476
49552,2026,22,26.927771993085457
49553,2026,21,22.912538454917396
49555,2026,24,25.106524384058947
49556,2026,18,21.18107740041107
49557,2026,18,21.18107740041107
49560,2026,19,19.97711640787259
49561,2026,16,16.704007731003077
49562,2026,16,16.704007731003077
49563,2026,16,16.704007731003077
49573,2026,21,25.62171005215615
49574,2026,21,25.62171005215615
49575,2026,20,20.574100625466695
49576,2026,16,16.798786716608703
49577,2026,21,25.62171005215615
49578,2026,19,20.51588396549354
49580,2026,21,25.62171005215615
49581,2026,20,20.51588396549354
49582,2026,19,20.51588396549354
49584,2026,24,23.266985125294347
49585,2026,17,21.409344314325047
49586,2026,20,21.605574380133316
49587,2026,19,21.605574380133316
49588,2026,16,16.634436811294236
49589,2026,16,16.634436811294236
49590,2026,16,16.634436811294236
49602,2026,17,21.409344314325047
49603,2026,16,21.409344314325047
49604,2026,19,17.966907906326913
49605,2026,19,17.966907906326913
49606,2026,14,13.637790359623176
49607,2026,14,13.637790359623176
49773,2026,18,18.732307803579985
49775,2026,14,13.688433504404095
49776,2026,14,13.688433504404095
49777,2026,20,18.779891376112914
49778,2026,22,22.419424864294047
49779,2026,19,22.419424864294047
49780,2026,17,19.33754315205766
49781,2026,19,19.068491367785285
49782,2026,20,22.45162935805738
49783,2026,19,22.45162935805738
49784,2026,19,20.83932621439451
49785,2026,19,20.83932621439451
49786,2026,19,20.83932621439451
49787,2026,22,21.194206146049797
49788,2026,25,24.747382148171358
49789,2026,28,26.699657120456653
49790,2026,26,26.699657120456653
49791,2026,23,22.93411510167392
49792,2026,19,18.41616117009925
49793,2026,18,16.874043455369304
49794,2026,26,23.368346850106924
49795,2026,17,18.41616117009925
49796,2026,17,16.874043455369304
49797,2026,21,20.511021768017095
49798,2026,20,20.511021768017095
49799,2026,21,20.511021768017095
49800,2026,20,20.511021768017095
49801,2026,12,14.910753323531189
49807,2026,35,33.26935227883148
49808,2026,34,33.26935227883148
49809,2026,34,31.053544692315864
49810,2026,35,31.053544692315864
49811,2026,33,31.053544692315864
49812,2026,33,31.053544692315864
49813,2026,34,33.5982544179247
49814,2026,35,33.5982544179247
49815,2026,31,30.702191664229595
49818,2026,23,27.117160202396626
49819,2026,24,26.799857354317417
49829,2026,21,20.213035439729975
49830,2026,21,19.594756242949263
49832,2026,20,20.22304690007449
49833,2026,21,20.021005650094665
49835,2026,21,21.204477762863206
49836,2026,20,21.204477762863206
49837,2026,19,18.80516045084771
49838,2026,19,19.0784018525048
49839,2026,18,19.0784018525048
49842,2026,30,31.539357689810476
49843,2026,25,25.128229498868528
49844,2026,25,25.164113393479013
49845,2026,31,27.179420381575422
49846,2026,32,25.604020313119932
49847,2026,23,24.08722618322685
49848,2026,23,24.08722618322685
49849,2026,26,24.07714807280429
49850,2026,28,28.905803403768555
49852,2026,21,21.605574380133316
49853,2026,19,19.504079576921132
49854,2026,21,21.605574380133316
49855,2026,20,20.4859769055856
49856,2026,19,19.504079576921132
49858,2026,24,23.897327306826412
49860,2026,24,24.07714807280429
49861,2026,20,17.966907906326913
49862,2026,20,17.966907906326913
49863,2026,27,25.377112820822983
49864,2026,25,25.377112820822983
49865,2026,25,25.98505306929028
49866,2026,26,25.98505306929028
49867,2026,23,23.266985125294347
49868,2026,30,26.307295450707855
49869,2026,30,24.08722618322685
49871,2026,17,15.97753800600321
49872,2026,16,15.97753800600321
49873,2026,17,17.038401132657594
49874,2026,17,17.038401132657594
49877,2026,21,20.478461915965006
49878,2026,24,23.88849555227409
49879,2026,17,15.97753800600321
49880,2026,16,15.97753800600321
49881,2026,17,17.038401132657594
49882,2026,17,17.038401132657594
49886,2026,23,25.128229498868528
49887,2026,21,20.478461915965006
49889,2026,24,25.128229498868528
49890,2026,24,25.128229498868528
49891,2026,17,15.158371179795118
49892,2026,16,15.158371179795118
49893,2026,22,24.07714807280429
49894,2026,16,16.704007731003077
49898,2026,13,15.665332088655635
49899,2026,16,15.665332088655635
49900,2026,16,15.665332088655635
49901,2026,16,15.665332088655635
49902,2026,17,16.456340121975263
49903,2026,16,16.456340121975263
49906,2026,20,19.152636845667818
49907,2026,23,20.134660070910773
49908,2026,21,20.134660070910773
49909,2026,16,15.665332088655635
49910,2026,16,15.665332088655635
49911,2026,17,16.456340121975263
49912,2026,16,16.456340121975263
49924,2026,23,23.897327306826412
49925,2026,20,19.152636845667818
49930,2026,18,16.704007731003077
49931,2026,18,16.704007731003077
49932,2026,17,16.704007731003077
49933,2026,18,16.704007731003077
49934,2026,18,16.704007731003077
49938,2026,23,23.897327306826412
49939,2026,22,23.897327306826412
49995,2026,20,20.511021768017095
49996,2026,20,20.511021768017095
49997,2026,20,20.511021768017095
49998,2026,26,26.103912206831676
49999,2026,23,21.452303607209082
50000,2026,21,21.33668304115905
50001,2026,24,25.106524384058947
50002,2026,22,21.33668304115905
50003,2026,25,25.106524384058947
50004,2026,24,24.07714807280429
50005,2026,21,20.647875681746683
50006,2026,23,23.266985125294347
50007,2026,21,20.647875681746683
50008,2026,24,23.266985125294347
50009,2026,25,25.377112820822983
50011,2026,26,25.377112820822983
50012,2026,19,19.152636845667818
50021,2026,22,23.897327306826412
50022,2026,21,23.897327306826412
50045,2026,21,26.966342972190105
50047,2026,24,27.21043988146928
50048,2026,22,22.368369449722387
50049,2026,22,21.88100835169875
50054,2026,27,27.078019321495507
50055,2026,31,33.61701682313214
50057,2026,33,33.5982544179247
50058,2026,33,33.5982544179247
50059,2026,28,31.071377811759387
50060,2026,21,21.022347824288993
50061,2026,33,33.26935227883148
50062,2026,32,33.26935227883148
50063,2026,33,33.26935227883148
50064,2026,30,31.200782027999516
50065,2026,28,28.684111457828948
50066,2026,22,20.951342099764695
50067,2026,21,25.126531863960043
50068,2026,19,20.511021768017095
50069,2026,24,26.799857354317417
50070,2026,32,33.61701682313214
50072,2026,30,33.5982544179247
50073,2026,28,31.071377811759387
50074,2026,27,27.426270070412084
50075,2026,28,32.58284031562979
50077,2026,26,24.37506090947228
50079,2026,22,22.47068323506559
50080,2026,23,22.47068323506559
50081,2026,23,22.47068323506559
50082,2026,25,21.355235967907795
50084,2026,24,22.364489374230864
50085,2026,23,22.364489374230864
50087,2026,20,19.4648548044949
50088,2026,21,20.66523828041011
50089,2026,21,20.66523828041011
50090,2026,21,20.66523828041011
50091,2026,21,20.66523828041011
50092,2026,21,21.321279874179243
50093,2026,20,19.981526723303272
50094,2026,19,15.431814634167573
50095,2026,23,22.859702847576685
50098,2026,20,19.70798879632005
50099,2026,19,17.102185286133427
50100,2026,19,15.344051821816532
50101,2026,16,17.102185286133427
50102,2026,18,17.102185286133427
50103,2026,17,15.344051821816532
50104,2026,12,15.97038924267453
50105,2026,17,19.520679657574373
50106,2026,21,20.678461764442414
50107,2026,20,19.70798879632005
50108,2026,12,15.100690138350355
50113,2026,22,22.616284336689773
50115,2026,24,23.266985125294347
50116,2026,25,23.878321621162087
50117,2026,23,21.605574380133316
50118,2026,27,28.463423213153074
50119,2026,24,28.367216863946723
50120,2026,20,20.134660070910773
50121,2026,17,18.174438111538738
50122,2026,19,18.24861822190537
50123,2026,18,20.134660070910773
50124,2026,18,18.24861822190537
50125,2026,18,20.134660070910773
50126,2026,17,18.24861822190537
50127,2026,14,14.542768403652314
50128,2026,26,24.429344223310157
50129,2026,25,24.49820741434617
50132,2026,24,23.897327306826412
50138,2026,17,15.97753800600321
50139,2026,19,19.39378915391385
50140,2026,19,19.87960578783698
50141,2026,19,19.87960578783698
50142,2026,23,24.712148948664044
50143,2026,23,24.712148948664044
50144,2026,21,21.130708722668476
50145,2026,22,21.130708722668476
50146,2026,23,22.616284336689773
50147,2026,22,24.46138042759391
50148,2026,22,24.46138042759391
50149,2026,13,14.494421270507964
50150,2026,15,14.714169999132858
50151,2026,18,17.565334801156837
50152,2026,15,19.152636845667818
50153,2026,20,18.174438111538738
50154,2026,21,20.365715230818957
50155,2026,21,20.365715230818957
50156,2026,20,20.365715230818957
50157,2026,19,17.966907906326913
50158,2026,18,17.966907906326913
50159,2026,22,21.605574380133316
50160,2026,22,21.605574380133316
50162,2026,21,20.574100625466695
50163,2026,22,20.574100625466695
50164,2026,21,21.605574380133316
50167,2026,17,19.795840793766487
50168,2026,19,19.881330010460815
50170,2026,17,17.565334801156837
50173,2026,23,21.409344314325047
50174,2026,22,21.409344314325047
50175,2026,21,21.409344314325047
50176,2026,21,20.115386697683842
50177,2026,21,22.330509923223584
50272,2026,18,22.415682359522133
50273,2026,18,22.415682359522133
50274,2026,18,22.415682359522133
50275,2026,29,23.37520962720345
50276,2026,29,26.636297984963573
50277,2026,18,20.83932621439451
50278,2026,18,20.83932621439451
50279,2026,12,18.517756620142844
50280,2026,22,27.401005296446463
50281,2026,23,21.452303607209082
50282,2026,26,26.699657120456653
50283,2026,20,20.511021768017095
50284,2026,18,18.19442526181164
50286,2026,23,18.079041280120116
50287,2026,23,18.079041280120116
50288,2026,24,23.878321621162087
50289,2026,24,23.878321621162087
50290,2026,26,25.377112820822983
50440,2026,15,18.26644360146218
50441,2026,15,17.884167897375686
50442,2026,15,18.26644360146218
50443,2026,15,17.884167897375686
50444,2026,17,19.33754315205766
